Month,1, 2, 3, 
Road Depot Data points,
1000,1000,1020.72,1042.19,
Town Data points,
10000,10000,7431.59,7018.21,
Factory Data points,
1000,1000,1328.16,1663.6,
City pops Data points,
1000,1000,1000,994.258,
Factory average level,
2.14323,2.14323,2.14323,2.15056,
Grain Demand,
0,198197,199035,391015,
Grain Supply,
0,0,0,122639,
Grain_fulfillment,
-nan(ind),0,0,0.313643,
Broke_pops,
0,0,0,0,