Month,1, 2, 3, 4, 
Road Depot Data points,
1000,1000,1001.52,1003.14,1004.84,
Town Data points,
1000,1000,654.309,657.845,660.091,
Factory Data points,
1000,991.717,732.779,485.094,259.322,
City pops Data points,
1000,1000,1000,999.142,998.246,
Factory average level,
2.14365,2.14365,2.14365,2.14365,2.14395,
Grain Demand,
0,197505,197505,331228,440497,
Grain Supply,
0,0,0,15570,15727,
Grain_fulfillment,
-nan(ind),0,0,0.0470069,0.0357029,
Broke_pops,
0,0,0,0,0,